Business Name,Niche,Website,Email
Allison Jaffe Interior Design,Interior Design Portfolio,https://www.allisonjaffe.com,info@allisonjaffe.com
Amity Worrel & Co,Interior Design Portfolio,https://www.amityworrel.com,info@amityworrel.com
Avery Cox Design,Interior Design Portfolio,https://www.averycoxdesign.com,howdy@averycoxdesign.com
BANDD DESIGN,Interior Design Portfolio,https://www.bandddesign.com,info@bandddesign.com
Breathe Design Studio,Interior Design Portfolio,https://www.breathedesignstudio.com,hello@breathedesignstudio.com
Cravotta Interiors,Interior Design Portfolio,https://www.cravottainteriors.com,info@cravottainteriors.com
Etch Design Group,Interior Design Portfolio,https://www.etchdesigngroup.com,info@etchdesigngroup.com
GREER Interior Design,Interior Design Portfolio,https://www.greerinteriordesign.com,info@greerinteriordesign.com
Heather Scott Home & Design,Interior Design Portfolio,https://www.heatherscotthome.com,info@heatherscotthome.com
Live Oak Interior Design,Interior Design Portfolio,https://www.liveoakid.com,info@liveoakid.com
Mark Ashby Design,Interior Design Portfolio,https://www.markashbydesign.com,info@markashbydesign.com
Michelle Thomas Design,Interior Design Portfolio,https://www.michellethomasdesign.com,info@michellethomasdesign.com
Sarah Stacey Interior Design,Interior Design Portfolio,https://www.sarahstaceyinteriordesign.com,info@sarahstaceyinteriordesign.com
Wendi Gee Interiors,Interior Design Portfolio,https://www.wendigee.com,info@wendigee.com
Black Fox Interiors,Interior Design Portfolio,https://blackfoxinteriors.com,dana@blackfoxinteriors.com
Elm Gray Studio,Interior Design Portfolio,https://www.elmgray.com,info@elmgray.com
Hélène Broderick Interiors,Interior Design Portfolio,https://helenebroderickinteriors.com,studio@helenebroderickinteriors.com
Interiors By Caroline,Interior Design Portfolio,https://interiordesignerdublin.ie,info@interiorsbycaroline.ie
Julianne Kelly Interiors,Interior Design Portfolio,https://juliannekellyinteriors.ie,info@juliannekellyinteriors.ieopening
Kingston Lafferty Design,Interior Design Portfolio,https://kld.ie,info@kld.ie
Lyons Kelly Architecture,Interior Design Portfolio,https://www.lyonskelly.com,info@lyonskelly.com
Maria Fenlon Interiors,Interior Design Portfolio,https://mariafenlon.com,info@mariafenlon.com
Minima Design,Interior Design Portfolio,https://minima.ie,info@minima.ie
Optimise Design,Interior Design Portfolio,https://optimisedesign.com,info@optimisedesign.com
Suzie McAdam Studio,Interior Design Portfolio,https://suziemcadam.com,enquiry@suziemcadam.com
Ventura Design,Interior Design Portfolio,https://venturadesign.ie,info@venturadesign.ie
Bridgeline Coaching,Business Coaching & Consulting,https://bridgelinecoaching.com,info@bridgelinecoaching.com
T. Kahler Coaching,Business Coaching & Consulting,https://tkahler.com,info@tkahler.com
True North Coaching,Business Coaching & Consulting,https://truenorthcoaching.com,info@truenorthcoaching.com
Danielle Langton Strategy,Business Coaching & Consulting,https://daniellelangton.com,haley@daniellelangton.com
Andrea Nicholas Coachsulting,Business Coaching & Consulting,https://andreanicholas.com,info@andreanicholas.com
Therapy Austin,Therapy & Mental Health,https://therapyaustin.com,hcr_pru@hhs.texas.gov
Louis Laves-Webb & Assoc,Therapy & Mental Health,https://louislaves-webb.com,info@louislaves-webb.com
Capital Area Counseling,Therapy & Mental Health,https://cacaustin.org,info@cacaustin.org
Just Mind Counseling,Therapy & Mental Health,https://justmind.org,info@justmind.org
Mindful Wellness Center,Therapy & Mental Health,https://mindfulwellnessaustin.org,mwca.counseling@gmail.com
Saronic Technologies,Tech / Maritime Robotics,https://saronic.com,hello@saronic.com
AI Clearing,SaaS / Construction Analytics,https://aiclearing.com,hello@aiclearing.com
data.world,SaaS / Data Catalog,https://data.world,sales@data.world
Colossal Biosciences,Tech / Biotech,https://colossal.com,hello@colossal.com
Halcyon AI,SaaS / Cyber Security,https://halcyon.ai,hello@halcyon.ai
EverlyWell,SaaS / Digital Health,https://everlywell.com,hello@everlywell.com
Wayflyer,SaaS / FinTech,https://wayflyer.com,hello@wayflyer.com
Tines,SaaS / No-Code Security,https://tines.com,jbrowne@email.com.
Manna Drone Delivery,Tech / Drone Logistics,https://manna.aero,info@manna.aero
Phorest Salon Software,SaaS / Salon Management,https://phorest.com,togetherwegrow@phorest.com
Dogpatch Labs,Tech / Startup Incubator,https://dogpatchlabs.com,info@dogpatchlabs.com
Furthr Innovation,Tech / Funding Advisory,https://furthr.ie,hello@furthr.ie
The Growth Coach of Austin,Business Coaching & Consulting,https://thegrowthcoach.com,info@thegrowthcoach.com
The Leadership Coach Group,Business Coaching & Consulting,https://leadershipcoachgroup.com,contact@leadershipcoachgroup.com
